Address,Rooms,Area_m2,Price_per_m2,Municipality,Latitude,Longitude
"Neuhusstrasse 6, 8630 Rüti ZH, ZH",3.0,49.0,29.41,Rüti (ZH),47.25217056274414,8.845796585083008
"Zürcherstrasse 1, 8173 Neerach, ZH",3.5,65.0,28.46,Neerach,47.51333236694336,8.47485065460205
"Rotachstrasse 33, 8003 Zürich, ZH",2.0,49.0,88.47,Zürich,47.370792388916016,8.514747619628906
"Wolframplatz 1, 8045 Zürich, ZH",2.0,32.0,109.84,Zürich,47.362281799316406,8.52219295501709
"Badenerstrasse 67, 8953 Dietikon, ZH",3.5,105.0,30.48,Dietikon,47.40792465209961,8.392560958862305
"Kanzleistrasse 15, 8418 Schlatt ZH, ZH",4.5,104.0,25.96,Schlatt (ZH),47.46419906616211,8.845925331115723
"Bolletweg 14, 8934 Knonau, ZH",5.5,150.0,22.6,Knonau,47.22604370117188,8.46156120300293
"Im Zauner 24, 8352 Elsau, ZH",3.0,70.0,35.0,Elsau,47.50167083740234,8.805103302001953
"Maneggstrasse 87, 8041 Zürich, ZH",3.5,98.0,31.85,Zürich,47.3379135131836,8.520033836364746
"Haldenstrasse 67, 8602 Wangen b. Dübendorf, ZH",4.5,118.0,28.73,Wangen-Brüttisellen,47.4155158996582,8.635632514953613
"Hobelwerkweg 39a, 8404 Winterthur, ZH",3.5,86.0,22.91,Winterthur,47.50949478149414,8.762660026550293
"Hobelwerkweg 39a, 8404 Winterthur, ZH",3.5,71.0,22.96,Winterthur,47.50949478149414,8.762660026550293
"Albisriederstrasse 392a, 8047 Zürich, ZH",5.5,192.0,25.83,Zürich,47.37469482421875,8.482722282409668
"Tisliacherstrasse 8, 8320 Fehraltorf, ZH",5.5,166.0,21.08,Fehraltorf,47.383731842041016,8.760611534118652
"Buckwiesstrasse 12, 8700 Küsnacht ZH, ZH",5.5,232.0,36.64,Küsnacht (ZH),47.31980514526367,8.59211254119873
"Binzigerstrasse 52, 8707 Uetikon am See, ZH",6.5,300.0,0.04,Uetikon am See,47.26718521118164,8.689931869506836
"Hinterdorfstr. 4, 8315 Lindau, ZH",4.5,124.0,22.1,Lindau,47.44243621826172,8.671416282653809
"Dübendorfstrasse 22, 8602 Wangen b. Dübendorf, ZH",3.5,94.0,25.0,Wangen-Brüttisellen,47.40997314453125,8.642498970031738
"Limmatstrasse 260, 8005 Zürich, ZH",4.5,170.0,38.82,Zürich,47.38913345336914,8.52584171295166
"Friedenweg 5, 8192 Glattfelden, ZH",3.5,100.0,20.8,Glattfelden,47.55609893798828,8.506474494934082
"Niederglatterstrasse 21, 8155 Niederhasli, ZH",3.5,80.0,27.96,Niederhasli,47.48181915283203,8.487357139587402
"Marktgasse 17, 8400 Winterthur, ZH",4.5,160.0,20.0,Winterthur,47.49971008300781,8.729727745056152
"Goldistenstrasse 23, 8625 Gossau ZH, ZH",7.5,210.0,20.0,Gossau (ZH),47.30751037597656,8.764126777648926
"8152 Glattpark (Opfikon), ZH",2.5,78.0,35.26,Opfikon,47.42475509643555,8.563809394836426
"Hofackerstrasse 5, 8422 Pfungen, ZH",4.5,107.0,17.76,Pfungen,47.515235900878906,8.642589569091797
"Untere Briggerstrasse 66, 8406 Winterthur, ZH",3.5,88.0,25.5,Winterthur,47.49394989013672,8.7112398147583
"Bergstrasse  16, 8955 Oetwil an der Limmat, ZH",5.5,282.0,21.28,Oetwil an der Limmat,47.42891693115234,8.398645401000977
"Hagenholzstrasse 100, 8050 Zürich, ZH",4.5,141.0,23.47,Zürich,47.41421508789063,8.558320045471191
"8303 Bassersdorf, ZH",4.5,136.0,25.0,Bassersdorf,47.44166946411133,8.630970001220703
"8152 Glattbrugg, ZH",1.5,26.0,61.54,Opfikon,47.43394470214844,8.5704927444458
"8182 Hochfelden, ZH",5.5,148.0,20.22,Hochfelden,47.52355194091797,8.51548957824707
"Lehenstrasse 51, 8037 Zürich, ZH",1.5,35.0,49.71,Zürich,47.39653015136719,8.523354530334473
"8180 Bülach, ZH",4.0,80.0,26.88,Bülach,47.5200309753418,8.5663423538208
"8340 Hinwil, ZH",5.5,135.0,28.52,Hinwil,47.29181289672852,8.820669174194336
"Aprikosenstrasse 5, 8051 Zürich, ZH",1.0,23.0,69.13,Zürich,47.40581893920898,8.570385932922363
"8800 Thalwil, ZH",2.5,75.0,25.33,Thalwil,47.29733276367188,8.556255340576172
"8427 Rorbas, ZH",4.5,127.0,19.69,Rorbas,47.53139877319336,8.58006763458252
"Breitenstrasse 14, 8134 Adliswil, ZH",3.5,71.0,29.37,Adliswil,47.306339263916016,8.519155502319336
"Wallisellerstrasse 24, 8152 Glattbrugg, ZH",3.5,81.0,32.72,Opfikon,47.43341827392578,8.568982124328613
"8636 Wald ZH, ZH",3.5,113.0,19.03,Wald (ZH),47.27400588989258,8.915390968322754
"Wülflingerstrasse 25, 8400 Winterthur, ZH",3.5,80.0,24.75,Winterthur,47.50473785400391,8.71804428100586
"8041 Zürich, ZH",2.5,73.0,47.4,Adliswil,47.32240295410156,8.51379680633545
"Ida-Sträuli-Strasse 39, 8404 Winterthur, ZH",2.5,66.0,38.18,Winterthur,47.50312042236328,8.766748428344727
"Chrüzweg 4, 8805 Richterswil, ZH",4.0,83.0,23.8,Richterswil,47.20819091796875,8.706659317016602
"Herbstweg 57, 8050 Zürich, ZH",3.5,71.0,37.32,Zürich,47.40635299682617,8.561315536499023
"Fangletenstrasse 6, 8180 Bülach, ZH",3.5,96.0,25.57,Bülach,47.52735137939453,8.53823471069336
"8154 Oberglatt ZH, ZH",2.5,88.0,22.84,Oberglatt,47.48006820678711,8.524243354797363
"Oberdorfstrasse, 8934 Knonau, ZH",4.0,240.0,14.58,Knonau,47.22494125366211,8.4617280960083
"8004 Zürich, ZH",2.5,45.0,56.0,Zürich,47.3746452331543,8.523855209350586
"Poststrasse, 8953 Dietikon, ZH",1.0,18.0,61.11,Dietikon,47.403568267822266,8.405932426452637
"Baurstrasse 29, 8008 Zürich, ZH",1.5,30.0,126.33,Zürich,47.35592269897461,8.554497718811035
"Baurstrasse 29, 8008 Zürich, ZH",1.5,25.0,139.6,Zürich,47.35592269897461,8.554497718811035
"Zentralstrasse 37, 8003 Zürich, ZH",2.5,75.0,87.87,Zürich,47.37150573730469,8.519575119018555
"Alter Seeweg, 8124 Maur, ZH",3.5,118.0,28.81,Maur,47.33884811401367,8.672297477722168
"Friedhofstrasse 9, 8104 Weiningen ZH, ZH",1.0,30.0,16.67,Weiningen (ZH),47.42219161987305,8.435792922973633
"8049 Zürich, ZH",2.0,70.0,23.21,Zürich,47.4071159362793,8.494709968566895
"Dorfstrasse 2, 8309 Nürensdorf, ZH",5.5,150.0,30.0,Nürensdorf,47.45838928222656,8.638628959655762
"Schulhausstrasse, 8180 Bülach, ZH",1.0,20.0,37.5,Bülach,47.51849365234375,8.537640571594238
"8400 Winterthur, ZH",4.5,117.0,32.32,Winterthur,47.49886703491211,8.722684860229492
"Niderdürstelenstrasse 59, 8494 Bauma, ZH",3.5,73.0,26.71,Bauma,47.37016296386719,8.855679512023926
"Bucheggstrasse 130, 8057 Zürich, ZH",1.5,35.0,51.43,Zürich,47.398319244384766,8.538369178771973
"8704 Herrliberg, ZH",1.0,18.0,63.89,Herrliberg,47.28742218017578,8.617650032043457
"Mülibachstrasse 9, 8805 Richterswil, ZH",3.5,105.0,32.48,Richterswil,47.2037467956543,8.705288887023926
"Rauchackerstrasse 48, 8102 Oberengstringen, ZH",1.0,25.0,51.6,Oberengstringen,47.40972137451172,8.456247329711914
"Dättlikonerstrasse 4, 8422 Pfungen, ZH",2.5,86.0,28.6,Pfungen,47.51786804199219,8.638663291931152
"Hagenbuchstrasse 29, 8192 Zweidlen, ZH",3.5,96.0,23.96,Glattfelden,47.570011138916016,8.469552993774414
"Forchstrasse 84, 8008 Zürich, ZH",2.0,62.0,47.9,Zürich,47.36206817626953,8.559245109558105
"Heiselstrasse 89, 8155 Niederhasli, ZH",2.5,57.0,24.04,Niederhasli,47.483543395996094,8.496526718139648
"Grosswiesenstr. 61, 8422 Pfungen, ZH",2.5,60.0,25.17,Pfungen,47.51723861694336,8.640911102294922
"Obermattweg 3, 8545 Rickenbach ZH, ZH",4.5,124.0,17.5,Rickenbach (ZH),47.54986953735352,8.794327735900879
"8002 Zürich, ZH",8.5,210.0,40.48,Zürich,47.36497497558594,8.537369728088379
"Freudenbergstrasse, 8044 Zürich, ZH",2.5,90.0,34.78,Zürich,47.37955474853516,8.559854507446289
"Mitteldorfstrasse 27, 8475 Ossingen, ZH",4.5,106.0,20.47,Ossingen,47.6113510131836,8.726527214050293
"Rainstrasse 80, 8712 Stäfa, ZH",4.5,148.0,29.73,Stäfa,47.248626708984375,8.720181465148926
"Keltenstrasse 12, 8044 Zürich, ZH",1.5,63.0,47.3,Zürich,47.37654876708984,8.561196327209473
"Hirschweg 9, 8405 Winterthur, ZH",6.5,143.0,24.48,Winterthur,47.48258209228516,8.768205642700195
"Neunfornerstrasse 4, 8479 Altikon, ZH",4.5,133.0,15.04,Altikon,47.57373428344727,8.781241416931152
"Binzstr. 41, 8620 Wetzikon ZH, ZH",3.5,74.0,26.88,Wetzikon (ZH),47.329345703125,8.800528526306152
"Müliwiesstrasse 71, 8487 Zell ZH, ZH",4.5,133.0,18.42,Zell (ZH),47.442684173583984,8.820551872253418
"Leigass 7, 8820 Wädenswil, ZH",4.0,76.0,28.95,Wädenswil,47.2255859375,8.672236442565918
"Hagenholzstrasse 59, 8050 Zürich, ZH",1.5,24.0,81.67,Zürich,47.41465759277344,8.555407524108887
"Im Rebacher 10, 8118 Pfaffhausen, ZH",5.5,121.0,23.97,Fällanden,47.3621940612793,8.621418952941895
"Forchstrasse 150, 8032 Zürich, ZH",2.5,64.0,40.0,Zürich,47.360294342041016,8.564233779907227
"Wartstr. 30, 8400 Winterthur, ZH",1.0,49.0,28.37,Winterthur,47.50136947631836,8.72093677520752
"Am Eulachpark 25, 8404 Winterthur, ZH",6.5,143.0,21.1,Winterthur,47.506324768066406,8.763714790344238
"Pfingstweidstrasse 98, 8005 Zürich, ZH",1.5,81.0,38.65,Zürich,47.39064025878906,8.51033878326416
"Wolfgrabenstrasse 15c, 8135 Langnau am Albis, ZH",4.5,111.0,28.2,Langnau am Albis,47.285430908203125,8.530309677124023
"Eilweg 8, 8634 Hombrechtikon, ZH",4.5,81.0,21.6,Hombrechtikon,47.24886322021485,8.772636413574219
"Katharina Sulzer Platz 2, 8400 Winterthur, ZH",1.0,132.0,24.7,Winterthur,47.496612548828125,8.718550682067871
"Mühlebachstr. 28, 8008 Zürich, ZH",4.5,128.0,44.61,Zürich,47.3648567199707,8.550126075744629
"Dättlikonerstrasse 4, 8422 Pfungen, ZH",3.5,84.0,26.55,Pfungen,47.51786804199219,8.638663291931152
"Wechselächerstrasse 41, 8103 Unterengstringen, ZH",3.5,87.0,32.07,Unterengstringen,47.411895751953125,8.441164016723633
"Vulkanstrasse 110c, 8048 Zürich, ZH",3.0,100.0,48.0,Zürich,47.39374923706055,8.484014511108398
"Wehntalerstrasse 38, 8157 Dielsdorf, ZH",5.5,120.0,24.58,Dielsdorf,47.48212432861328,8.453387260437012
"8004 Zürich, ZH",2.5,48.0,70.0,Zürich,47.3746452331543,8.523855209350586
"Brunnenwiesenstrasse 15, 8105 Regensdorf, ZH",4.5,177.0,22.43,Regensdorf,47.42833709716797,8.480559349060059
